state,clinker_ratio,fly_ash_substitution,slag_substitution,production_capacity_tonnes_per_year,specific_energy_mwh_per_tonne,emission_factor_tco2_per_tonne,coal_share,petcoke_share,alternative_fuel_share
Rajasthan,0.7503274829619995,0.23621844652689766,0.12143480605964668,4078294.648885413,0.10238425015057355,0.6011013532367894,0.8814843607777463,0.2959942040772551,0.0969828641147775
